Time [s],STM Temp [C],MCP Temp [C],,,STM Temp [C],MCP Temp [C],,,,,,,,,,,,
60000,21.9786,18.875,,1,21.9786,18.875,,,,,,,,,,,,
120000,22.31515,18.875,,2,22.31515,18.875,,,,,,,,,,,,
180000,22.85929,18.875,,3,22.85929,18.875,,,,,,,,,,,,
240000,22.6517,18.875,,4,22.6517,18.875,,,,,,,,,,,,
300000,22.98824,18.8125,,5,22.98824,18.8125,,,,,,,,,,,,
360000,22.31515,18.8125,,6,22.31515,18.8125,,,,,,,,,,,,
420000,22.6517,18.875,,7,22.6517,18.875,,,,,,,,,,,,
480000,22.6517,18.875,,8,22.6517,18.875,,,,,,,,,,,,
540000,22.98824,18.875,,9,22.98824,18.875,,,,,,,,,,,,
600000,22.6517,18.75,,10,22.6517,18.75,,,,,,,,,,,,
660000,22.98824,18.8125,,11,22.98824,18.8125,,,,,,,,,,,,
720000,22.98824,18.75,,12,22.98824,18.75,,,,,,,,,,,,
780000,22.31515,18.8125,,13,22.31515,18.8125,,,,,,,,,,,,
840000,22.98824,18.8125,,14,22.98824,18.8125,,,,,,,,,,,,
900000,22.6517,18.875,,15,22.6517,18.875,,,,,,,,,,,,
960000,22.7807,18.8125,,16,22.7807,18.8125,,,,,,,,,,,,
1020000,22.7807,18.8125,,17,22.7807,18.8125,,,,,,,,,,,,
1080000,22.6517,18.75,,18,22.6517,18.75,,,,,,,,,,,,
1140000,22.6517,18.75,,19,22.6517,18.75,,Temperature data for this project was collected in Joshua Hoye's room overnight.,,,,,,,,,,
1200000,22.98824,18.75,,20,22.98824,18.75,,,,,,,,,,,,
1260000,22.31515,18.8125,,21,22.31515,18.8125,,,,,,,,,,,,
1320000,22.44437,18.75,,22,22.44437,18.75,,,,,,,,,,,,
1380000,22.6517,18.75,,23,22.6517,18.75,,,,,,,,,,,,
1440000,22.6517,18.75,,24,22.6517,18.75,,,,,,,,,,,,
1500000,22.6517,18.6875,,25,22.6517,18.6875,,,,,,,,,,,,
1560000,22.6517,18.6875,,26,22.6517,18.6875,,,,,,,,,,,,
1620000,22.98824,18.75,,27,22.98824,18.75,,,,,,,,,,,,
1680000,22.6517,18.75,,28,22.6517,18.75,,,,,,,,,,,,
1740000,22.98824,18.75,,29,22.98824,18.75,,,,,,,,,,,,
1800000,22.31515,18.8125,,30,22.31515,18.8125,,,,,,,,,,,,
1860000,22.10805,18.75,,31,22.10805,18.75,,,,,,,,,,,,
1920000,22.31515,18.75,,32,22.31515,18.75,,,,,,,,,,,,
1980000,22.6517,18.8125,,33,22.6517,18.8125,,,,,,,,,,,,
2040000,22.6517,18.75,,34,22.6517,18.75,,,,,,,,,,,,
2100000,22.98824,18.6875,,35,22.98824,18.6875,,,,,,,,,,,,
2160000,22.6517,18.6875,,36,22.6517,18.6875,,,,,,,,,,,,
2220000,22.6517,18.75,,37,22.6517,18.75,,,,,,,,,,,,
2280000,22.85929,18.75,,38,22.85929,18.75,,,,,,,,,,,,
2340000,22.98824,18.6875,,39,22.98824,18.6875,,,,,,,,,,,,
2400000,22.6517,18.6875,,40,22.6517,18.6875,,,,,,,,,,,,
2460000,22.6517,18.625,,41,22.6517,18.625,,,,,,,,,,,,
2520000,22.6517,18.625,,42,22.6517,18.625,,,,,,,,,,,,
2580000,22.6517,18.5,,43,22.6517,18.5,,,,,,,,,,,,
2640000,22.31515,18.5625,,44,22.31515,18.5625,,,,,,,,,,,,
2700000,22.10805,18.625,,45,22.10805,18.625,,,,,,,,,,,,
2760000,22.31515,18.5625,,46,22.31515,18.5625,,,,,,,,,,,,
2820000,22.31515,18.625,,47,22.31515,18.625,,,,,,,,,,,,
2880000,22.44437,18.5625,,48,22.44437,18.5625,,,,,,,,,,,,
2940000,22.6517,18.5625,,49,22.6517,18.5625,,,,,,,,,,,,
3000000,21.9786,18.5625,,50,21.9786,18.5625,,,,,,,,,,,,
3060000,22.31515,18.5625,,51,22.31515,18.5625,,,,,,,,,,,,
3120000,22.6517,18.5625,,52,22.6517,18.5625,,,,,,,,,,,,
3180000,22.31515,18.5625,,53,22.31515,18.5625,,,,,,,,,,,,
3240000,22.6517,18.5625,,54,22.6517,18.5625,,,,,,,,,,,,
3300000,22.6517,18.5625,,55,22.6517,18.5625,,,,,,,,,,,,
3360000,21.9786,18.625,,56,21.9786,18.625,,,,,,,,,,,,
3420000,22.52252,18.625,,57,22.52252,18.625,,,,,,,,,,,,
3480000,22.6517,18.625,,58,22.6517,18.625,,,,,,,,,,,,
3540000,22.31515,18.5625,,59,22.31515,18.5625,,,,,,,,,,,,
3600000,22.6517,18.5625,,60,22.6517,18.5625,,,,,,,,,,,,
3660000,22.31515,18.5625,,61,22.31515,18.5625,,,,,,,,,,,,
3720000,22.31515,18.5625,,62,22.31515,18.5625,,,,,,,,,,,,
3780000,22.6517,18.625,,63,22.6517,18.625,,,,,,,,,,,,
3840000,22.31515,18.625,,64,22.31515,18.625,,,,,,,,,,,,
3900000,22.31515,18.5625,,65,22.31515,18.5625,,,,,,,,,,,,
3960000,22.31515,18.5625,,66,22.31515,18.5625,,,,,,,,,,,,
4020000,22.31515,18.5625,,67,22.31515,18.5625,,,,,,,,,,,,
4080000,22.6517,18.5625,,68,22.6517,18.5625,,,,,,,,,,,,
4140000,22.6517,18.625,,69,22.6517,18.625,,,,,,,,,,,,
4200000,22.6517,18.75,,70,22.6517,18.75,,,,,,,,,,,,
4260000,22.98824,18.75,,71,22.98824,18.75,,,,,,,,,,,,
4320000,22.6517,18.875,,72,22.6517,18.875,,,,,,,,,,,,
4380000,22.98824,18.875,,73,22.98824,18.875,,,,,,,,,,,,
4440000,22.6517,18.8125,,74,22.6517,18.8125,,,,,,,,,,,,
4500000,22.6517,18.75,,75,22.6517,18.75,,,,,,,,,,,,
4560000,22.98824,18.6875,,76,22.98824,18.6875,,,,,,,,,,,,
4620000,22.6517,18.6875,,77,22.6517,18.6875,,,,,,,,,,,,
4680000,22.98824,18.625,,78,22.98824,18.625,,,,,,,,,,,,
4740000,22.52252,18.625,,79,22.52252,18.625,,,,,,,,,,,,
4800000,22.98824,18.6875,,80,22.98824,18.6875,,,,,,,,,,,,
4860000,22.6517,18.6875,,81,22.6517,18.6875,,,,,,,,,,,,
4920000,22.98824,18.75,,82,22.98824,18.75,,,,,,,,,,,,
4980000,22.44437,18.8125,,83,22.44437,18.8125,,,,,,,,,,,,
5040000,22.44437,18.8125,,84,22.44437,18.8125,,,,,,,,,,,,
5100000,22.31515,18.875,,85,22.31515,18.875,,,,,,,,,,,,
5160000,22.6517,18.75,,86,22.6517,18.75,,,,,,,,,,,,
5220000,22.6517,18.875,,87,22.6517,18.875,,,,,,,,,,,,
5280000,22.6517,18.75,,88,22.6517,18.75,,,,,,,,,,,,
5340000,22.6517,18.75,,89,22.6517,18.75,,,,,,,,,,,,
5400000,22.6517,18.6875,,90,22.6517,18.6875,,,,,,,,,,,,
5460000,22.31515,18.75,,91,22.31515,18.75,,,,,,,,,,,,
5520000,22.10805,18.75,,92,22.10805,18.75,,,,,,,,,,,,
5580000,22.44437,18.75,,93,22.44437,18.75,,,,,,,,,,,,
5640000,22.85929,18.75,,94,22.85929,18.75,,,,,,,,,,,,
5700000,22.98824,18.8125,,95,22.98824,18.8125,,,,,,,,,,,,
5760000,22.31515,18.75,,96,22.31515,18.75,,,,,,,,,,,,
5820000,22.31515,18.75,,97,22.31515,18.75,,,,,,,,,,,,
5880000,22.6517,18.75,,98,22.6517,18.75,,,,,,,,,,,,
5940000,22.6517,18.6875,,99,22.6517,18.6875,,,,,,,,,,,,
6000000,22.6517,18.625,,100,22.6517,18.625,,,,,,,,,,,,
6060000,22.31515,18.5625,,101,22.31515,18.5625,,,,,,,,,,,,
6120000,22.6517,18.5625,,102,22.6517,18.5625,,,,,,,,,,,,
6180000,22.31515,18.5625,,103,22.31515,18.5625,,,,,,,,,,,,
6240000,22.98824,18.4375,,104,22.98824,18.4375,,,,,,,,,,,,
6300000,22.44437,18.4375,,105,22.44437,18.4375,,,,,,,,,,,,
6360000,22.31515,18.4375,,106,22.31515,18.4375,,,,,,,,,,,,
6420000,22.85929,18.4375,,107,22.85929,18.4375,,,,,,,,,,,,
6480000,22.31515,18.4375,,108,22.31515,18.4375,,,,,,,,,,,,
6540000,21.9786,18.375,,109,21.9786,18.375,,,,,,,,,,,,
6600000,22.31515,18.5,,110,22.31515,18.5,,,,,,,,,,,,
6660000,22.31515,18.375,,111,22.31515,18.375,,,,,,,,,,,,
6720000,22.6517,18.375,,112,22.6517,18.375,,,,,,,,,,,,
6780000,22.31515,18.375,,113,22.31515,18.375,,,,,,,,,,,,
6840000,22.31515,18.375,,114,22.31515,18.375,,,,,,,,,,,,
6900000,21.9786,18.375,,115,21.9786,18.375,,,,,,,,,,,,
6960000,22.31515,18.3125,,116,22.31515,18.3125,,,,,,,,,,,,
7020000,21.9786,18.25,,117,21.9786,18.25,,,,,,,,,,,,
7080000,21.9786,18.25,,118,21.9786,18.25,,,,,,,,,,,,
7140000,22.31515,18.25,,119,22.31515,18.25,,,,,,,,,,,,
7200000,21.9786,18.25,,120,21.9786,18.25,,,,,,,,,,,,
7260000,21.9786,18.1875,,121,21.9786,18.1875,,,,,,,,,,,,
7320000,22.10805,18.25,,122,22.10805,18.25,,,,,,,,,,,,
7380000,21.9786,18.25,,123,21.9786,18.25,,,,,,,,,,,,
7440000,22.31515,18.1875,,124,22.31515,18.1875,,,,,,,,,,,,
7500000,22.18575,18.1875,,125,22.18575,18.1875,,,,,,,,,,,,
7560000,22.18575,18.125,,126,22.18575,18.125,,,,,,,,,,,,
7620000,21.30551,18.125,,127,21.30551,18.125,,,,,,,,,,,,
7680000,21.9786,18.0625,,128,21.9786,18.0625,,,,,,,,,,,,
7740000,21.64206,18.0625,,129,21.64206,18.0625,,,,,,,,,,,,
7800000,22.31515,18.0625,,130,22.31515,18.0625,,,,,,,,,,,,
7860000,22.18575,18.0625,,131,22.18575,18.0625,,,,,,,,,,,,
7920000,21.9786,18.125,,132,21.9786,18.125,,,,,,,,,,,,
7980000,21.64206,18.0625,,133,21.64206,18.0625,,,,,,,,,,,,
8040000,21.9786,18,,134,21.9786,18,,,,,,,,,,,,
8100000,21.9786,18,,135,21.9786,18,,,,,,,,,,,,
8160000,21.9786,18,,136,21.9786,18,,,,,,,,,,,,
8220000,21.9786,18,,137,21.9786,18,,,,,,,,,,,,
8280000,21.64206,18,,138,21.64206,18,,,,,,,,,,,,
8340000,21.9786,17.9375,,139,21.9786,17.9375,,,,,,,,,,,,
8400000,21.64206,17.875,,140,21.64206,17.875,,,,,,,,,,,,
8460000,21.9786,17.9375,,141,21.9786,17.9375,,,,,,,,,,,,
8520000,21.64206,17.9375,,142,21.64206,17.9375,,,,,,,,,,,,
8580000,21.64206,17.9375,,143,21.64206,17.9375,,,,,,,,,,,,
8640000,21.9786,17.875,,144,21.9786,17.875,,,,,,,,,,,,
8700000,21.9786,17.875,,145,21.9786,17.875,,,,,,,,,,,,
8760000,21.64206,17.875,,146,21.64206,17.875,,,,,,,,,,,,
8820000,21.84898,17.9375,,147,21.84898,17.9375,,,,,,,,,,,,
8880000,21.64206,17.875,,148,21.64206,17.875,,,,,,,,,,,,
8940000,21.9786,17.875,,149,21.9786,17.875,,,,,,,,,,,,
9000000,21.64206,17.8125,,150,21.64206,17.8125,,,,,,,,,,,,
9060000,21.64206,17.875,,151,21.64206,17.875,,,,,,,,,,,,
9120000,21.64206,17.8125,,152,21.64206,17.8125,,,,,,,,,,,,
9180000,22.18575,17.875,,153,22.18575,17.875,,,,,,,,,,,,
9240000,21.64206,17.875,,154,21.64206,17.875,,,,,,,,,,,,
9300000,21.64206,17.8125,,155,21.64206,17.8125,,,,,,,,,,,,
9360000,21.30551,17.8125,,156,21.30551,17.8125,,,,,,,,,,,,
9420000,21.64206,17.75,,157,21.64206,17.75,,,,,,,,,,,,
9480000,21.64206,17.8125,,158,21.64206,17.8125,,,,,,,,,,,,
9540000,20.96896,17.75,,159,20.96896,17.75,,,,,,,,,,,,
9600000,21.30551,17.75,,160,21.30551,17.75,,,,,,,,,,,,
9660000,21.64206,17.75,,161,21.64206,17.75,,,,,,,,,,,,
9720000,21.64206,17.8125,,162,21.64206,17.8125,,,,,,,,,,,,
9780000,21.30551,17.8125,,163,21.30551,17.8125,,,,,,,,,,,,
9840000,21.30551,17.75,,164,21.30551,17.75,,,,,,,,,,,,
9900000,21.51221,17.6875,,165,21.51221,17.6875,,,,,,,,,,,,
9960000,21.30551,17.75,,166,21.30551,17.75,,,,,,,,,,,,
10020000,21.64206,17.6875,,167,21.64206,17.6875,,,,,,,,,,,,
10080000,21.64206,17.75,,168,21.64206,17.75,,,,,,,,,,,,
10140000,21.30551,17.75,,169,21.30551,17.75,,,,,,,,,,,,
10200000,21.64206,17.6875,,170,21.64206,17.6875,,,,,,,,,,,,
10260000,21.30551,17.75,,171,21.30551,17.75,,,,,,,,,,,,
10320000,21.30551,17.6875,,172,21.30551,17.6875,,,,,,,,,,,,
10380000,21.64206,17.6875,,173,21.64206,17.6875,,,,,,,,,,,,
10440000,21.84898,17.6875,,174,21.84898,17.6875,,,,,,,,,,,,
10500000,21.30551,17.75,,175,21.30551,17.75,,,,,,,,,,,,
10560000,21.64206,17.6875,,176,21.64206,17.6875,,,,,,,,,,,,
10620000,20.63242,17.75,,177,20.63242,17.75,,,,,,,,,,,,
10680000,21.30551,17.6875,,178,21.30551,17.6875,,,,,,,,,,,,
10740000,21.30551,17.6875,,179,21.30551,17.6875,,,,,,,,,,,,
10800000,20.96896,17.75,,180,20.96896,17.75,,,,,,,,,,,,
10860000,21.64206,17.6875,,181,21.64206,17.6875,,,,,,,,,,,,
10920000,21.30551,17.6875,,182,21.30551,17.6875,,,,,,,,,,,,
10980000,21.30551,17.6875,,183,21.30551,17.6875,,,,,,,,,,,,
11040000,21.30551,17.75,,184,21.30551,17.75,,,,,,,,,,,,
11100000,21.64206,17.6875,,185,21.64206,17.6875,,,,,,,,,,,,
11160000,21.51221,17.6875,,186,21.51221,17.6875,,,,,,,,,,,,
11220000,21.30551,17.75,,187,21.30551,17.75,,,,,,,,,,,,
11280000,21.30551,17.6875,,188,21.30551,17.6875,,,,,,,,,,,,
11340000,21.64206,17.6875,,189,21.64206,17.6875,,,,,,,,,,,,
11400000,21.30551,17.625,,190,21.30551,17.625,,,,,,,,,,,,
11460000,21.09908,17.625,,191,21.09908,17.625,,,,,,,,,,,,
11520000,21.30551,17.625,,192,21.30551,17.625,,,,,,,,,,,,
11580000,21.64206,17.625,,193,21.64206,17.625,,,,,,,,,,,,
11640000,21.30551,17.625,,194,21.30551,17.625,,,,,,,,,,,,
11700000,21.30551,17.625,,195,21.30551,17.625,,,,,,,,,,,,
11760000,-2.589291,17.625,,196,21.4,17.625,,,,,,,,,,,,
11820000,21.64206,17.625,,197,21.64206,17.625,,,,,,,,,,,,
11880000,21.64206,17.625,,198,21.64206,17.625,,,,,,,,,,,,
11940000,20.96896,17.625,,199,20.96896,17.625,,,,,,,,,,,,
12000000,21.30551,17.625,,200,21.30551,17.625,,,,,,,,,,,,
12060000,21.51221,17.625,,201,21.51221,17.625,,,,,,,,,,,,
12120000,21.30551,17.625,,202,21.30551,17.625,,,,,,,,,,,,
12180000,21.30551,17.625,,203,21.30551,17.625,,,,,,,,,,,,
12240000,21.30551,17.6875,,204,21.30551,17.6875,,,,,,,,,,,,
12300000,21.30551,17.5625,,205,21.30551,17.5625,,,,,,,,,,,,
12360000,21.30551,17.5625,,206,21.30551,17.5625,,,,,,,,,,,,
12420000,20.96896,17.5625,,207,20.96896,17.5625,,,,,,,,,,,,
12480000,20.96896,17.625,,208,20.96896,17.625,,,,,,,,,,,,
12540000,21.30551,17.5625,,209,21.30551,17.5625,,,,,,,,,,,,
12600000,21.30551,17.625,,210,21.30551,17.625,,,,,,,,,,,,
12660000,21.30551,17.5625,,211,21.30551,17.5625,,,,,,,,,,,,
12720000,20.96896,17.5625,,212,20.96896,17.5625,,,,,,,,,,,,
12780000,21.51221,17.5625,,213,21.51221,17.5625,,,,,,,,,,,,
12840000,21.30551,17.5625,,214,21.30551,17.5625,,,,,,,,,,,,
12900000,20.96896,17.5,,215,20.96896,17.5,,,,,,,,,,,,
12960000,21.51221,17.5625,,216,21.51221,17.5625,,,,,,,,,,,,
13020000,20.63242,17.5625,,217,20.63242,17.5625,,,,,,,,,,,,
13080000,21.30551,17.5,,218,21.30551,17.5,,,,,,,,,,,,
13140000,21.30551,17.5,,219,21.30551,17.5,,,,,,,,,,,,
13200000,21.30551,17.5,,220,21.30551,17.5,,,,,,,,,,,,
13260000,21.51221,17.5625,,221,21.51221,17.5625,,,,,,,,,,,,
13320000,21.30551,17.5,,222,21.30551,17.5,,,,,,,,,,,,
13380000,21.30551,17.5,,223,21.30551,17.5,,,,,,,,,,,,
13440000,20.96896,17.5,,224,20.96896,17.5,,,,,,,,,,,,
13500000,21.64206,17.5,,225,21.64206,17.5,,,,,,,,,,,,
13560000,21.30551,17.5,,226,21.30551,17.5,,,,,,,,,,,,
13620000,21.30551,17.4375,,227,21.30551,17.4375,,,,,,,,,,,,
13680000,21.30551,17.5,,228,21.30551,17.5,,,,,,,,,,,,
13740000,21.30551,17.5,,229,21.30551,17.5,,,,,,,,,,,,
13800000,20.96896,17.5,,230,20.96896,17.5,,,,,,,,,,,,
13860000,20.96896,17.5,,231,20.96896,17.5,,,,,,,,,,,,
13920000,21.30551,17.5,,232,21.30551,17.5,,,,,,,,,,,,
13980000,20.63242,17.4375,,233,20.63242,17.4375,,,,,,,,,,,,
14040000,21.30551,17.4375,,234,21.30551,17.4375,,,,,,,,,,,,
14100000,20.63242,17.4375,,235,20.63242,17.4375,,,,,,,,,,,,
14160000,20.96896,17.4375,,236,20.96896,17.4375,,,,,,,,,,,,
14220000,21.30551,17.375,,237,21.30551,17.375,,,,,,,,,,,,
14280000,20.96896,17.4375,,238,20.96896,17.4375,,,,,,,,,,,,
14340000,21.30551,17.4375,,239,21.30551,17.4375,,,,,,,,,,,,
14400000,20.63242,17.375,,240,20.63242,17.375,,,,,,,,,,,,
14460000,20.76276,17.375,,241,20.76276,17.375,,,,,,,,,,,,
14520000,21.09908,17.375,,242,21.09908,17.375,,,,,,,,,,,,
14580000,21.30551,17.4375,,243,21.30551,17.4375,,,,,,,,,,,,
14640000,20.96896,17.4375,,244,20.96896,17.4375,,,,,,,,,,,,
14700000,21.30551,17.375,,245,21.30551,17.375,,,,,,,,,,,,
14760000,20.96896,17.375,,246,20.96896,17.375,,,,,,,,,,,,
14820000,21.30551,17.375,,247,21.30551,17.375,,,,,,,,,,,,
14880000,20.96896,17.375,,248,20.96896,17.375,,,,,,,,,,,,
14940000,21.51221,17.375,,249,21.51221,17.375,,,,,,,,,,,,
15000000,20.96896,17.375,,250,20.96896,17.375,,,,,,,,,,,,
15060000,20.96896,17.375,,251,20.96896,17.375,,,,,,,,,,,,
15120000,20.96896,17.3125,,252,20.96896,17.3125,,,,,,,,,,,,
15180000,20.96896,17.375,,253,20.96896,17.375,,,,,,,,,,,,
15240000,20.96896,17.375,,254,20.96896,17.375,,,,,,,,,,,,
15300000,20.63242,17.3125,,255,20.63242,17.3125,,,,,,,,,,,,
15360000,20.96896,17.375,,256,20.96896,17.375,,,,,,,,,,,,
15420000,20.96896,17.375,,257,20.96896,17.375,,,,,,,,,,,,
15480000,20.96896,17.375,,258,20.96896,17.375,,,,,,,,,,,,
15540000,20.96896,17.375,,259,20.96896,17.375,,,,,,,,,,,,
15600000,21.30551,17.375,,260,21.30551,17.375,,,,,,,,,,,,
15660000,21.30551,17.4375,,261,21.30551,17.4375,,,,,,,,,,,,
15720000,20.63242,17.375,,262,20.63242,17.375,,,,,,,,,,,,
15780000,20.96896,17.375,,263,20.96896,17.375,,,,,,,,,,,,
15840000,20.42643,17.3125,,264,20.42643,17.3125,,,,,,,,,,,,
15900000,21.30551,17.3125,,265,21.30551,17.3125,,,,,,,,,,,,
15960000,20.83867,17.3125,,266,20.83867,17.3125,,,,,,,,,,,,
16020000,20.96896,17.375,,267,20.96896,17.375,,,,,,,,,,,,
16080000,20.96896,17.375,,268,20.96896,17.375,,,,,,,,,,,,
16140000,20.63242,17.3125,,269,20.63242,17.3125,,,,,,,,,,,,
16200000,20.96896,17.3125,,270,20.96896,17.3125,,,,,,,,,,,,
16260000,21.30551,17.3125,,271,21.30551,17.3125,,,,,,,,,,,,
16320000,21.30551,17.3125,,272,21.30551,17.3125,,,,,,,,,,,,
16380000,20.96896,17.25,,273,20.96896,17.25,,,,,,,,,,,,
16440000,20.63242,17.3125,,274,20.63242,17.3125,,,,,,,,,,,,
16500000,20.63242,17.25,,275,20.63242,17.25,,,,,,,,,,,,
16560000,21.17544,17.25,,276,21.17544,17.25,,,,,,,,,,,,
16620000,20.96896,17.3125,,277,20.96896,17.3125,,,,,,,,,,,,
16680000,21.30551,17.25,,278,21.30551,17.25,,,,,,,,,,,,
16740000,20.96896,17.3125,,279,20.96896,17.3125,,,,,,,,,,,,
16800000,20.63242,17.25,,280,20.63242,17.25,,,,,,,,,,,,
16860000,20.96896,17.25,,281,20.96896,17.25,,,,,,,,,,,,
16920000,20.96896,17.25,,282,20.96896,17.25,,,,,,,,,,,,
16980000,21.30551,17.25,,283,21.30551,17.25,,,,,,,,,,,,
17040000,20.63242,17.25,,284,20.63242,17.25,,,,,,,,,,,,
17100000,20.42643,17.375,,285,20.42643,17.375,,,,,,,,,,,,
17160000,20.96896,17.375,,286,20.96896,17.375,,,,,,,,,,,,
17220000,21.30551,17.3125,,287,21.30551,17.3125,,,,,,,,,,,,
17280000,20.96896,17.3125,,288,20.96896,17.3125,,,,,,,,,,,,
17340000,20.63242,17.3125,,289,20.63242,17.3125,,,,,,,,,,,,
17400000,20.96896,17.375,,290,20.96896,17.375,,,,,,,,,,,,
17460000,20.96896,17.25,,291,20.96896,17.25,,,,,,,,,,,,
17520000,21.17544,17.25,,292,21.17544,17.25,,,,,,,,,,,,
17580000,20.96896,17.25,,293,20.96896,17.25,,,,,,,,,,,,
17640000,20.96896,17.25,,294,20.96896,17.25,,,,,,,,,,,,
17700000,20.96896,17.25,,295,20.96896,17.25,,,,,,,,,,,,
17760000,20.76276,17.25,,296,20.76276,17.25,,,,,,,,,,,,
17820000,20.96896,17.25,,297,20.96896,17.25,,,,,,,,,,,,
17880000,20.96896,17.25,,298,20.96896,17.25,,,,,,,,,,,,
17940000,21.17544,17.1875,,299,21.17544,17.1875,,,,,,,,,,,,
18000000,20.96896,17.1875,,300,20.96896,17.1875,,,,,,,,,,,,
18060000,20.63242,17.25,,301,20.63242,17.25,,,,,,,,,,,,
18120000,20.96896,17.25,,302,20.96896,17.25,,,,,,,,,,,,
18180000,20.96896,17.1875,,303,20.96896,17.1875,,,,,,,,,,,,
18240000,20.83867,17.1875,,304,20.83867,17.1875,,,,,,,,,,,,
18300000,21.30551,17.1875,,305,21.30551,17.1875,,,,,,,,,,,,
18360000,20.63242,17.1875,,306,20.63242,17.1875,,,,,,,,,,,,
18420000,21.30551,17.1875,,307,21.30551,17.1875,,,,,,,,,,,,
18480000,20.63242,17.125,,308,20.63242,17.125,,,,,,,,,,,,
18540000,21.17544,17.1875,,309,21.17544,17.1875,,,,,,,,,,,,
18600000,20.63242,17.1875,,310,20.63242,17.1875,,,,,,,,,,,,
18660000,21.30551,17.1875,,311,21.30551,17.1875,,,,,,,,,,,,
18720000,20.63242,17.1875,,312,20.63242,17.1875,,,,,,,,,,,,
18780000,20.63242,17.1875,,313,20.63242,17.1875,,,,,,,,,,,,
18840000,20.63242,17.1875,,314,20.63242,17.1875,,,,,,,,,,,,
18900000,20.96896,17.25,,315,20.96896,17.25,,,,,,,,,,,,
18960000,20.63242,17.1875,,316,20.63242,17.1875,,,,,,,,,,,,
19020000,20.63242,17.1875,,317,20.63242,17.1875,,,,,,,,,,,,
19080000,20.76276,17.125,,318,20.76276,17.125,,,,,,,,,,,,
19140000,20.63242,17.1875,,319,20.63242,17.1875,,,,,,,,,,,,
19200000,20.29587,17.125,,320,20.29587,17.125,,,,,,,,,,,,
19260000,20.63242,17.1875,,321,20.63242,17.1875,,,,,,,,,,,,
19320000,20.96896,17.125,,322,20.96896,17.125,,,,,,,,,,,,
19380000,20.63242,17.125,,323,20.63242,17.125,,,,,,,,,,,,
19440000,20.96896,17.125,,324,20.96896,17.125,,,,,,,,,,,,
19500000,20.63242,17.1875,,325,20.63242,17.1875,,,,,,,,,,,,
19560000,20.63242,17.1875,,326,20.63242,17.1875,,,,,,,,,,,,
19620000,20.96896,17.125,,327,20.96896,17.125,,,,,,,,,,,,
19680000,20.63242,17.125,,328,20.63242,17.125,,,,,,,,,,,,
19740000,20.96896,17.125,,329,20.96896,17.125,,,,,,,,,,,,
19800000,21.51221,17.125,,330,21.51221,17.125,,,,,,,,,,,,
19860000,20.96896,17.125,,331,20.96896,17.125,,,,,,,,,,,,
19920000,20.63242,17.125,,332,20.63242,17.125,,,,,,,,,,,,
19980000,20.63242,17.125,,333,20.63242,17.125,,,,,,,,,,,,
20040000,20.63242,17.125,,334,20.63242,17.125,,,,,,,,,,,,
20100000,20.96896,17.125,,335,20.96896,17.125,,,,,,,,,,,,
20160000,20.63242,17.125,,336,20.63242,17.125,,,,,,,,,,,,
20220000,20.96896,17.125,,337,20.96896,17.125,,,,,,,,,,,,
20280000,20.63242,17.125,,338,20.63242,17.125,,,,,,,,,,,,
20340000,20.63242,17.125,,339,20.63242,17.125,,,,,,,,,,,,
20400000,20.96896,17.125,,340,20.96896,17.125,,,,,,,,,,,,
20460000,20.63242,17.0625,,341,20.63242,17.0625,,,,,,,,,,,,
20520000,20.63242,17.125,,342,20.63242,17.125,,,,,,,,,,,,
20580000,20.83867,17.125,,343,20.83867,17.125,,,,,,,,,,,,
20640000,20.96896,17.1875,,344,20.96896,17.1875,,,,,,,,,,,,
20700000,20.76276,17.125,,345,20.76276,17.125,,,,,,,,,,,,
20760000,21.17544,17.125,,346,21.17544,17.125,,,,,,,,,,,,
20820000,20.29587,17.0625,,347,20.29587,17.0625,,,,,,,,,,,,
20880000,20.83867,17.0625,,348,20.83867,17.0625,,,,,,,,,,,,
20940000,20.96896,17.125,,349,20.96896,17.125,,,,,,,,,,,,
21000000,20.63242,17.125,,350,20.63242,17.125,,,,,,,,,,,,
21060000,20.96896,17.0625,,351,20.96896,17.0625,,,,,,,,,,,,
21120000,20.63242,17,,352,20.63242,17,,,,,,,,,,,,
21180000,20.63242,17.0625,,353,20.63242,17.0625,,,,,,,,,,,,
21240000,20.63242,17,,354,20.63242,17,,,,,,,,,,,,
21300000,20.63242,17,,355,20.63242,17,,,,,,,,,,,,
21360000,20.63242,17,,356,20.63242,17,,,,,,,,,,,,
21420000,20.42643,17,,357,20.42643,17,,,,,,,,,,,,
21480000,20.83867,17,,358,20.83867,17,,,,,,,,,,,,
21540000,20.42643,17,,359,20.42643,17,,,,,,,,,,,,
21600000,20.29587,17,,360,20.29587,17,,,,,,,,,,,,
21660000,20.63242,16.9375,,361,20.63242,16.9375,,,,,,,,,,,,
21720000,20.29587,17,,362,20.29587,17,,,,,,,,,,,,
21780000,20.63242,17,,363,20.63242,17,,,,,,,,,,,,
21840000,20.63242,17,,364,20.63242,17,,,,,,,,,,,,
21900000,20.83867,16.9375,,365,20.83867,16.9375,,,,,,,,,,,,
21960000,20.63242,16.9375,,366,20.63242,16.9375,,,,,,,,,,,,
22020000,21.17544,16.9375,,367,21.17544,16.9375,,,,,,,,,,,,
22080000,20.83867,17,,368,20.83867,17,,,,,,,,,,,,
22140000,20.63242,16.9375,,369,20.63242,16.9375,,,,,,,,,,,,
22200000,20.63242,17,,370,20.63242,17,,,,,,,,,,,,
22260000,20.63242,17,,371,20.63242,17,,,,,,,,,,,,
22320000,20.63242,16.9375,,372,20.63242,16.9375,,,,,,,,,,,,
22380000,20.63242,16.9375,,373,20.63242,16.9375,,,,,,,,,,,,
22440000,20.29587,16.9375,,374,20.29587,16.9375,,,,,,,,,,,,
22500000,20.83867,16.875,,375,20.83867,16.875,,,,,,,,,,,,
22560000,20.63242,16.9375,,376,20.63242,16.9375,,,,,,,,,,,,
22620000,20.83867,16.9375,,377,20.83867,16.9375,,,,,,,,,,,,
22680000,20.29587,16.875,,378,20.29587,16.875,,,,,,,,,,,,
22740000,20.63242,16.9375,,379,20.63242,16.9375,,,,,,,,,,,,
22800000,20.29587,16.9375,,380,20.29587,16.9375,,,,,,,,,,,,
22860000,20.63242,16.9375,,381,20.63242,16.9375,,,,,,,,,,,,
22920000,20.5019,16.875,,382,20.5019,16.875,,,,,,,,,,,,
22980000,20.29587,16.9375,,383,20.29587,16.9375,,,,,,,,,,,,
23040000,20.29587,16.875,,384,20.29587,16.875,,,,,,,,,,,,
23100000,20.63242,16.875,,385,20.63242,16.875,,,,,,,,,,,,
23160000,20.63242,16.875,,386,20.63242,16.875,,,,,,,,,,,,
23220000,20.63242,16.875,,387,20.63242,16.875,,,,,,,,,,,,
23280000,20.5019,16.8125,,388,20.5019,16.8125,,,,,,,,,,,,
23340000,20.63242,16.8125,,389,20.63242,16.8125,,,,,,,,,,,,
23400000,20.63242,16.875,,390,20.63242,16.875,,,,,,,,,,,,
23460000,20.63242,16.8125,,391,20.63242,16.8125,,,,,,,,,,,,
23520000,20.63242,16.875,,392,20.63242,16.875,,,,,,,,,,,,
23580000,20.29587,16.875,,393,20.29587,16.875,,,,,,,,,,,,
23640000,20.63242,16.8125,,394,20.63242,16.8125,,,,,,,,,,,,
23700000,20.5019,16.875,,395,20.5019,16.875,,,,,,,,,,,,
23760000,20.29587,16.875,,396,20.29587,16.875,,,,,,,,,,,,
23820000,20.29587,16.875,,397,20.29587,16.875,,,,,,,,,,,,
23880000,20.29587,16.875,,398,20.29587,16.875,,,,,,,,,,,,
23940000,20.63242,16.875,,399,20.63242,16.875,,,,,,,,,,,,
24000000,20.96896,16.875,,400,20.96896,16.875,,,,,,,,,,,,
24060000,20.42643,16.875,,401,20.42643,16.875,,,,,,,,,,,,
24120000,20.09011,16.8125,,402,20.09011,16.8125,,,,,,,,,,,,
24180000,20.29587,16.8125,,403,20.29587,16.8125,,,,,,,,,,,,
24240000,20.63242,16.8125,,404,20.63242,16.8125,,,,,,,,,,,,
24300000,20.63242,16.8125,,405,20.63242,16.8125,,,,,,,,,,,,
24360000,19.95932,16.75,,406,19.95932,16.75,,,,,,,,,,,,
24420000,20.29587,16.8125,,407,20.29587,16.8125,,,,,,,,,,,,
24480000,20.63242,16.8125,,408,20.63242,16.8125,,,,,,,,,,,,
24540000,20.63242,16.8125,,409,20.63242,16.8125,,,,,,,,,,,,
24600000,20.29587,16.8125,,410,20.29587,16.8125,,,,,,,,,,,,
24660000,20.63242,16.875,,411,20.63242,16.875,,,,,,,,,,,,
24720000,20.29587,16.8125,,412,20.29587,16.8125,,,,,,,,,,,,
24780000,20.83867,16.875,,413,20.83867,16.875,,,,,,,,,,,,
24840000,20.29587,16.875,,414,20.29587,16.875,,,,,,,,,,,,
24900000,19.95932,16.8125,,415,19.95932,16.8125,,,,,,,,,,,,
24960000,20.63242,16.8125,,416,20.63242,16.8125,,,,,,,,,,,,
25020000,20.29587,16.75,,417,20.29587,16.75,,,,,,,,,,,,
25080000,20.5019,16.8125,,418,20.5019,16.8125,,,,,,,,,,,,
25140000,20.63242,16.8125,,419,20.63242,16.8125,,,,,,,,,,,,
25200000,20.63242,16.75,,420,20.63242,16.75,,,,,,,,,,,,
25260000,20.29587,16.8125,,421,20.29587,16.8125,,,,,,,,,,,,
25320000,19.95932,16.8125,,422,19.95932,16.8125,,,,,,,,,,,,
25380000,20.83867,16.8125,,423,20.83867,16.8125,,,,,,,,,,,,
25440000,20.29587,16.875,,424,20.29587,16.875,,,,,,,,,,,,
25500000,20.29587,16.875,,425,20.29587,16.875,,,,,,,,,,,,
25560000,19.95932,16.8125,,426,19.95932,16.8125,,,,,,,,,,,,
25620000,20.29587,16.8125,,427,20.29587,16.8125,,,,,,,,,,,,
25680000,20.29587,16.875,,428,20.29587,16.875,,,,,,,,,,,,
25740000,20.09011,16.8125,,429,20.09011,16.8125,,,,,,,,,,,,
25800000,20.63242,16.8125,,430,20.63242,16.8125,,,,,,,,,,,,
25860000,19.95932,16.8125,,431,19.95932,16.8125,,,,,,,,,,,,
25920000,20.63242,16.8125,,432,20.63242,16.8125,,,,,,,,,,,,
25980000,20.63242,16.8125,,433,20.63242,16.8125,,,,,,,,,,,,
26040000,20.63242,16.8125,,434,20.63242,16.8125,,,,,,,,,,,,
26100000,20.29587,16.8125,,435,20.29587,16.8125,,,,,,,,,,,,
26160000,20.5019,16.8125,,436,20.5019,16.8125,,,,,,,,,,,,
26220000,20.63242,16.8125,,437,20.63242,16.8125,,,,,,,,,,,,
26280000,20.29587,16.75,,438,20.29587,16.75,,,,,,,,,,,,
26340000,20.29587,16.75,,439,20.29587,16.75,,,,,,,,,,,,
26400000,19.95932,16.75,,440,19.95932,16.75,,,,,,,,,,,,
26460000,20.63242,16.8125,,441,20.63242,16.8125,,,,,,,,,,,,
26520000,20.63242,16.8125,,442,20.63242,16.8125,,,,,,,,,,,,
26580000,20.29587,16.75,,443,20.29587,16.75,,,,,,,,,,,,
26640000,19.95932,16.8125,,444,19.95932,16.8125,,,,,,,,,,,,
26700000,19.95932,16.75,,445,19.95932,16.75,,,,,,,,,,,,
26760000,20.5019,16.8125,,446,20.5019,16.8125,,,,,,,,,,,,
26820000,20.29587,16.75,,447,20.29587,16.75,,,,,,,,,,,,
26880000,20.29587,16.8125,,448,20.29587,16.8125,,,,,,,,,,,,
26940000,20.29587,16.75,,449,20.29587,16.75,,,,,,,,,,,,
27000000,20.29587,16.75,,450,20.29587,16.75,,,,,,,,,,,,
27060000,20.29587,16.75,,451,20.29587,16.75,,,,,,,,,,,,
27120000,20.29587,16.75,,452,20.29587,16.75,,,,,,,,,,,,
27180000,20.29587,16.75,,453,20.29587,16.75,,,,,,,,,,,,
27240000,20.63242,16.75,,454,20.63242,16.75,,,,,,,,,,,,
27300000,20.42643,16.75,,455,20.42643,16.75,,,,,,,,,,,,
27360000,20.29587,16.75,,456,20.29587,16.75,,,,,,,,,,,,
27420000,20.29587,16.75,,457,20.29587,16.75,,,,,,,,,,,,
27480000,20.29587,16.6875,,458,20.29587,16.6875,,,,,,,,,,,,
27540000,20.29587,16.75,,459,20.29587,16.75,,,,,,,,,,,,
27600000,20.63242,16.75,,460,20.63242,16.75,,,,,,,,,,,,
27660000,20.63242,16.75,,461,20.63242,16.75,,,,,,,,,,,,
27720000,20.29587,16.8125,,462,20.29587,16.8125,,,,,,,,,,,,
27780000,20.63242,16.8125,,463,20.63242,16.8125,,,,,,,,,,,,
27840000,20.29587,16.6875,,464,20.29587,16.6875,,,,,,,,,,,,
27900000,20.29587,16.75,,465,20.29587,16.75,,,,,,,,,,,,
27960000,20.5019,16.75,,466,20.5019,16.75,,,,,,,,,,,,
28020000,20.29587,16.6875,,467,20.29587,16.6875,,,,,,,,,,,,
28080000,20.29587,16.6875,,468,20.29587,16.6875,,,,,,,,,,,,
28140000,20.29587,16.75,,469,20.29587,16.75,,,,,,,,,,,,
28200000,20.29587,16.6875,,470,20.29587,16.6875,,,,,,,,,,,,
28260000,20.29587,16.6875,,471,20.29587,16.6875,,,,,,,,,,,,
28320000,20.29587,16.6875,,472,20.29587,16.6875,,,,,,,,,,,,
28380000,20.29587,16.6875,,473,20.29587,16.6875,,,,,,,,,,,,
28440000,20.29587,16.6875,,474,20.29587,16.6875,,,,,,,,,,,,
28500000,20.29587,16.6875,,475,20.29587,16.6875,,,,,,,,,,,,
28560000,20.29587,16.6875,,476,20.29587,16.6875,,,,,,,,,,,,
28620000,20.29587,16.6875,,477,20.29587,16.6875,,,,,,,,,,,,
28680000,20.29587,16.6875,,478,20.29587,16.6875,,,,,,,,,,,,
28740000,20.29587,16.6875,,479,20.29587,16.6875,,,,,,,,,,,,
28800000,20.29587,16.625,,480,20.29587,16.625,,,,,,,,,,,,
